Accounting,Accountant I,Female,29
Accounting,Accountant II,Female,47
Accounting,Accountant III,Female,43
Accounting,Accountant IV,Female,38
Accounting,Accounting Assistant I,Female,42
Accounting,Accounting Assistant II,Female,31
Accounting,Accounting Assistant III,Female,33
Accounting,Accounting Assistant IV,Female,49
Accounting,Actuary,Female,13
Accounting,Administrative Assistant I,Female,4
Accounting,Administrative Assistant II,Female,4
Accounting,Administrative Assistant III,Female,6
Accounting,Administrative Assistant IV,Female,3
Accounting,Administrative Officer,Female,11
Accounting,Budget/Accounting Analyst I,Female,79
Accounting,Budget/Accounting Analyst II,Female,67
Accounting,Budget/Accounting Analyst III,Female,77
Accounting,Budget/Accounting Analyst IV,Female,78
Accounting,Cost Accountant,Female,136
Accounting,Financial Advisor,Female,13
Accounting,Financial Analyst,Female,34
Accounting,Payment Adjustment Coordinator,Female,8
Accounting,Senior Cost Accountant,Female,143
Accounting,Senior Financial Analyst,Female,12
Accounting,Staff Accountant I,Female,192
Accounting,Staff Accountant II,Female,33
Accounting,Staff Accountant III,Female,37
Accounting,Staff Accountant IV,Female,53
Accounting,Structural Engineer,Female,14
Accounting,Tax Accountant,Female,121
Accounting,VP Accounting,Female,34
Auditing,Internal Auditor,Female,24
Business Development,Business Analyst,Female,264
Business Development,Business Development Manager,Female,1
Business Development,Human Resources Analyst II,Female,1
Business Development,Research Assistant I,Female,122
Business Development,Research Assistant II,Female,343
Business Development,Research Assistant III,Female,4
Engineering,Administrative Assistant I,Female,3
Engineering,Administrative Assistant II,Female,2
Engineering,Administrative Assistant III,Female,3
Engineering,Administrative Officer,Female,14
Engineering,Analog Circuit Design manager,Female,20
Engineering,Analyst Programmer,Female,175
Engineering,Assistant Manager,Female,8
Engineering,Automation Specialist I,Female,5
Engineering,Automation Specialist II,Female,7
Engineering,Automation Specialist III,Female,3
Engineering,Automation Specialist IV,Female,6
Engineering,Business Analyst,Female,26
Engineering,Business Systems Development Analyst,Female,149
Engineering,Chief Design Engineer,Female,35
Engineering,Computer Systems Analyst I,Female,44
Engineering,Computer Systems Analyst II,Female,40
Engineering,Computer Systems Analyst III,Female,31
Engineering,Computer Systems Analyst IV,Female,30
Engineering,Data Coordiator,Female,157
Engineering,Data Visualization Specialist,Female,194
Engineering,Database Administrator I,Female,35
Engineering,Database Administrator II,Female,40
Engineering,Database Administrator III,Female,42
Engineering,Database Administrator IV,Female,43
Engineering,Design Engineer,Female,17
Engineering,Developer I,Female,47
Engineering,Developer II,Female,30
Engineering,Developer III,Female,34
Engineering,Developer IV,Female,38
Engineering,Electrical Engineer,Female,15
Engineering,Engineer I,Female,4
Engineering,Engineer II,Female,1
Engineering,Engineer III,Female,1
Engineering,Engineer IV,Female,1
Engineering,Information Systems Manager,Female,16
Engineering,Mechanical Systems Engineer,Female,16
Engineering,Product Engineer,Female,15
Engineering,Programmer Analyst I,Female,44
Engineering,Programmer Analyst II,Female,41
Engineering,Programmer Analyst III,Female,33
Engineering,Programmer Analyst IV,Female,34
Engineering,Programmer I,Female,38
Engineering,Programmer II,Female,36
Engineering,Programmer III,Female,40
Engineering,Programmer IV,Female,25
Engineering,Quality Control Specialist,Female,15
Engineering,Quality Engineer,Female,15
Engineering,Recruiting Manager,Female,11
Engineering,Research Assistant I,Female,15
Engineering,Research Assistant II,Female,8
Engineering,Research Assistant III,Female,4
Engineering,Research Assistant IV,Female,3
Engineering,Research Associate,Female,10
Engineering,Senior Developer,Female,176
Engineering,Senior Financial Analyst,Female,15
Engineering,Senior Quality Engineer,Female,17
Engineering,Software Consultant,Female,141
Engineering,Software Engineer I,Female,180
Engineering,Software Engineer II,Female,35
Engineering,Software Engineer III,Female,46
Engineering,Software Engineer IV,Female,41
Engineering,Software Test Engineer I,Female,39
Engineering,Software Test Engineer II,Female,29
Engineering,Software Test Engineer III,Female,40
Engineering,Software Test Engineer IV,Female,39
Engineering,Staff Scientist,Female,18
Engineering,Statistician I,Female,5
Engineering,Statistician II,Female,7
Engineering,Statistician III,Female,4
Engineering,Statistician IV,Female,1
Engineering,Structural Analysis Engineer,Female,15
Engineering,Structural Engineer,Female,12
Engineering,Systems Administrator I,Female,156
Engineering,Systems Administrator II,Female,34
Engineering,Systems Administrator III,Female,31
Engineering,Systems Administrator IV,Female,29
Engineering,VP Quality Control,Female,12
Engineering,Web Designer I,Female,10
Engineering,Web Designer III,Female,4
Engineering,Web Designer IV,Female,4
Engineering,Web Developer I,Female,42
Engineering,Web Developer II,Female,36
Engineering,Web Developer III,Female,29
Engineering,Web Developer IV,Female,31
Human Resources,Compensation Analyst,Female,13
Human Resources,HR Manager,Female,90
Human Resources,Human Resources Analyst,Female,173
Human Resources,Human Resources Analyst II,Female,292
Human Resources,Human Resources Assistant I,Female,4
Human Resources,Human Resources Assistant II,Female,5
Human Resources,Human Resources Assistant III,Female,8
Human Resources,Human Resources Assistant IV,Female,4
Human Resources,Human Resources Manager,Female,34
Human Resources,Recruiter,Female,110
Human Resources,Senior Recruiter,Female,96
Legal,Administrative Assistant,Female,19
Legal,Attorney,Female,14
Legal,Executive Assistant,Female,17
Legal,Legal Assistant,Female,12
Legal,Librarian,Female,8
Legal,Paralegal,Female,34
Legal,Research Assistant,Female,14
Legal,Senior Attorney,Female,18
Marketing,Administrative Assistant II,Female,2
Marketing,Editor,Female,44
Marketing,Graphic Designer,Female,9
Marketing,Marketing Assistant,Female,4
Marketing,Marketing Manager,Female,1
Marketing,Media Manager I,Female,55
Marketing,Media Manager II,Female,21
Marketing,Office Assistant I,Female,4
Marketing,Research Associate,Female,3
Marketing,Senior Editor,Female,65
Marketing,VP Marketing,Female,15
Marketing,Web Designer I,Female,1
Marketing,Web Designer III,Female,2
Product Management,Assistant Manager,Female,12
Product Management,Business Analyst,Female,27
Product Management,Chief Design Engineer,Female,7
Product Management,Design Engineer,Female,10
Product Management,General Manager,Female,8
Product Management,Product Engineer,Female,11
Product Management,Project Manager,Female,131
Product Management,Quality Control Specialist,Female,18
Product Management,Quality Engineer,Female,9
Product Management,Senior Quality Engineer,Female,17
Product Management,VP Product Management,Female,19
Research and Development,Administrative Assistant II,Female,1
Research and Development,Business Analyst,Female,4
Research and Development,Chief Design Engineer,Female,2
Research and Development,Design Engineer,Female,1
Research and Development,Engineer III,Female,1
Research and Development,Information Systems Manager,Female,1
Research and Development,Operator,Female,106
Research and Development,Quality Control Specialist,Female,36
Research and Development,Quality Engineer,Female,1
Research and Development,Research Assistant I,Female,103
Research and Development,Research Associate,Female,80
Research and Development,Senior Quality Engineer,Female,38
Research and Development,Statistician I,Female,1
Research and Development,Statistician II,Female,1
Research and Development,Structural Analysis Engineer,Female,8
Research and Development,Structural Engineer,Female,102
Research and Development,VP Quality Control,Female,9
Sales,Account Executive,Female,243
Sales,Account Manager,Female,101
Sales,Customer Success Manager,Female,81
Sales,Director of Sales,Female,5
Sales,Pre-Sales Consultant,Female,88
Sales,Relationshiop Manager,Female,91
Sales,Sales Associate,Female,3
Sales,Sales Representative,Female,2
Sales,Senior Sales Associate,Female,5
Sales,Solutions Engineer,Female,83
Sales,Solutions Engineer Manager,Female,95
Sales,VP Sales,Female,5
Services,General Manager,Female,7
Services,Operator,Female,6
Services,Research Associate,Female,6
Services,Service Coordinator,Female,154
Services,Service Manager,Female,151
Services,Service Tech,Female,149
Services,Service Tech II,Female,144
Services,Service Tech III,Female,151
Support,Assistant Manager,Female,1
Support,Automation Specialist I,Female,3
Support,Automation Specialist II,Female,6
Support,Automation Specialist III,Female,3
Support,Automation Specialist IV,Female,7
Support,Community Outreach Specialist,Female,18
Support,Desktop Support Technician,Female,127
Support,Help Desk Operator,Female,48
Support,Help Desk Technician,Female,156
Support,Support Staff,Female,21
Support,Support Staff II,Female,22
Support,Support Staff III,Female,7
Training,Administrative Assistant I,Female,79
Training,Administrative Assistant II,Female,13
Training,Assistant Trainer,Female,82
Training,Content Developer,Female,21
Training,Content Developer II,Female,19
Training,Content Developer III,Female,24
Training,Junior Trainer,Female,83
Training,Senior Trainer,Female,77
Training,Support Staff,Female,20
Training,Trainer I,Female,92
Training,Trainer II,Female,87
Training,Trainer III,Female,79
Training,Training Manager,Female,82
Accounting,Accountant I,Male,46
Accounting,Accountant II,Male,37
Accounting,Accountant III,Male,38
Accounting,Accountant IV,Male,44
Accounting,Accounting Assistant I,Male,42
Accounting,Accounting Assistant II,Male,47
Accounting,Accounting Assistant III,Male,34
Accounting,Accounting Assistant IV,Male,45
Accounting,Actuary,Male,15
Accounting,Administrative Assistant I,Male,3
Accounting,Administrative Assistant III,Male,2
Accounting,Administrative Assistant IV,Male,3
Accounting,Administrative Officer,Male,15
Accounting,Budget/Accounting Analyst I,Male,74
Accounting,Budget/Accounting Analyst II,Male,89
Accounting,Budget/Accounting Analyst III,Male,75
Accounting,Budget/Accounting Analyst IV,Male,87
Accounting,Cost Accountant,Male,153
Accounting,Financial Advisor,Male,12
Accounting,Financial Analyst,Male,28
Accounting,Payment Adjustment Coordinator,Male,14
Accounting,Senior Cost Accountant,Male,154
Accounting,Senior Financial Analyst,Male,16
Accounting,Staff Accountant I,Male,230
Accounting,Staff Accountant II,Male,39
Accounting,Staff Accountant III,Male,46
Accounting,Staff Accountant IV,Male,44
Accounting,Structural Engineer,Male,14
Accounting,Tax Accountant,Male,166
Accounting,VP Accounting,Male,40
Auditing,Internal Auditor,Male,26
Business Development,Business Analyst,Male,284
Business Development,Business Development Manager,Male,4
Business Development,Human Resources Analyst II,Male,1
Business Development,Research Assistant I,Male,151
Business Development,Research Assistant II,Male,358
Business Development,Research Assistant III,Male,7
Engineering,Administrative Assistant I,Male,1
Engineering,Administrative Assistant II,Male,1
Engineering,Administrative Assistant III,Male,4
Engineering,Administrative Assistant IV,Male,1
Engineering,Administrative Officer,Male,14
Engineering,Analog Circuit Design manager,Male,25
Engineering,Analyst Programmer,Male,176
Engineering,Assistant Manager,Male,8
Engineering,Associate Professor,Male,1
Engineering,Automation Specialist I,Male,13
Engineering,Automation Specialist II,Male,11
Engineering,Automation Specialist III,Male,2
Engineering,Automation Specialist IV,Male,5
Engineering,Business Analyst,Male,23
Engineering,Business Systems Development Analyst,Male,162
Engineering,Chief Design Engineer,Male,32
Engineering,Computer Systems Analyst I,Male,41
Engineering,Computer Systems Analyst II,Male,48
Engineering,Computer Systems Analyst III,Male,36
Engineering,Computer Systems Analyst IV,Male,38
Engineering,Data Coordiator,Male,172
Engineering,Data Visualization Specialist,Male,231
Engineering,Database Administrator I,Male,43
Engineering,Database Administrator II,Male,47
Engineering,Database Administrator III,Male,36
Engineering,Database Administrator IV,Male,37
Engineering,Design Engineer,Male,11
Engineering,Developer I,Male,29
Engineering,Developer II,Male,29
Engineering,Developer III,Male,44
Engineering,Developer IV,Male,36
Engineering,Electrical Engineer,Male,11
Engineering,Engineer I,Male,5
Engineering,Engineer II,Male,5
Engineering,Engineer III,Male,3
Engineering,Engineer IV,Male,2
Engineering,Information Systems Manager,Male,15
Engineering,Mechanical Systems Engineer,Male,10
Engineering,Product Engineer,Male,16
Engineering,Programmer Analyst I,Male,43
Engineering,Programmer Analyst II,Male,48
Engineering,Programmer Analyst III,Male,43
Engineering,Programmer Analyst IV,Male,38
Engineering,Programmer I,Male,40
Engineering,Programmer II,Male,39
Engineering,Programmer III,Male,38
Engineering,Programmer IV,Male,34
Engineering,Quality Control Specialist,Male,12
Engineering,Quality Engineer,Male,14
Engineering,Recruiting Manager,Male,8
Engineering,Research Assistant I,Male,14
Engineering,Research Assistant II,Male,3
Engineering,Research Assistant III,Male,2
Engineering,Research Assistant IV,Male,3
Engineering,Research Associate,Male,9
Engineering,Senior Developer,Male,168
Engineering,Senior Financial Analyst,Male,12
Engineering,Senior Quality Engineer,Male,17
Engineering,Software Consultant,Male,175
Engineering,Software Engineer I,Male,186
Engineering,Software Engineer II,Male,45
Engineering,Software Engineer III,Male,48
Engineering,Software Engineer IV,Male,46
Engineering,Software Test Engineer I,Male,43
Engineering,Software Test Engineer II,Male,37
Engineering,Software Test Engineer III,Male,40
Engineering,Software Test Engineer IV,Male,49
Engineering,Staff Scientist,Male,13
Engineering,Statistician I,Male,6
Engineering,Statistician II,Male,3
Engineering,Structural Analysis Engineer,Male,11
Engineering,Structural Engineer,Male,15
Engineering,Systems Administrator I,Male,198
Engineering,Systems Administrator II,Male,35
Engineering,Systems Administrator III,Male,46
Engineering,Systems Administrator IV,Male,51
Engineering,VP Quality Control,Male,10
Engineering,Web Designer I,Male,19
Engineering,Web Designer II,Male,2
Engineering,Web Designer III,Male,5
Engineering,Web Designer IV,Male,4
Engineering,Web Developer I,Male,50
Engineering,Web Developer II,Male,35
Engineering,Web Developer III,Male,38
Engineering,Web Developer IV,Male,34
Human Resources,Compensation Analyst,Male,16
Human Resources,HR Manager,Male,104
Human Resources,Human Resources Analyst,Male,211
Human Resources,Human Resources Analyst II,Male,283
Human Resources,Human Resources Assistant I,Male,11
Human Resources,Human Resources Assistant II,Male,5
Human Resources,Human Resources Assistant III,Male,6
Human Resources,Human Resources Assistant IV,Male,5
Human Resources,Human Resources Manager,Male,26
Human Resources,Recruiter,Male,109
Human Resources,Senior Recruiter,Male,97
Legal,Administrative Assistant,Male,19
Legal,Attorney,Male,22
Legal,Executive Assistant,Male,21
Legal,Legal Assistant,Male,6
Legal,Librarian,Male,17
Legal,Paralegal,Male,27
Legal,Research Assistant,Male,24
Legal,Senior Attorney,Male,21
Marketing,Administrative Assistant II,Male,1
Marketing,Editor,Male,43
Marketing,Graphic Designer,Male,3
Marketing,Marketing Assistant,Male,4
Marketing,Media Manager I,Male,65
Marketing,Media Manager II,Male,25
Marketing,Research Associate,Male,1
Marketing,Senior Editor,Male,72
Marketing,VP Marketing,Male,27
Marketing,Web Designer I,Male,3
Marketing,Web Designer III,Male,2
Product Management,Assistant Manager,Male,14
Product Management,Business Analyst,Male,28
Product Management,Chief Design Engineer,Male,9
Product Management,Design Engineer,Male,13
Product Management,General Manager,Male,11
Product Management,Product Engineer,Male,13
Product Management,Project Manager,Male,181
Product Management,Quality Control Specialist,Male,11
Product Management,Quality Engineer,Male,22
Product Management,Senior Quality Engineer,Male,10
Product Management,VP Product Management,Male,20
Research and Development,Administrative Assistant II,Male,1
Research and Development,Administrative Assistant III,Male,1
Research and Development,Assistant Manager,Male,1
Research and Development,Assistant Professor,Male,1
Research and Development,Chief Design Engineer,Male,1
Research and Development,Design Engineer,Male,1
Research and Development,Executive Secretary,Male,1
Research and Development,Financial Analyst,Male,1
Research and Development,Information Systems Manager,Male,2
Research and Development,Office Assistant I,Male,2
Research and Development,Office Assistant IV,Male,1
Research and Development,Operator,Male,88
Research and Development,Product Engineer,Male,1
Research and Development,Quality Control Specialist,Male,31
Research and Development,Quality Engineer,Male,1
Research and Development,Research Assistant I,Male,96
Research and Development,Research Associate,Male,80
Research and Development,Senior Quality Engineer,Male,42
Research and Development,Statistician II,Male,1
Research and Development,Structural Analysis Engineer,Male,11
Research and Development,Structural Engineer,Male,131
Research and Development,VP Quality Control,Male,9
Sales,Account Coordinator,Male,2
Sales,Account Executive,Male,230
Sales,Account Manager,Male,105
Sales,Customer Success Manager,Male,111
Sales,Director of Sales,Male,3
Sales,Pre-Sales Consultant,Male,114
Sales,Relationshiop Manager,Male,112
Sales,Sales Associate,Male,2
Sales,Sales Representative,Male,3
Sales,Senior Sales Associate,Male,9
Sales,Solutions Engineer,Male,117
Sales,Solutions Engineer Manager,Male,109
Services,General Manager,Male,2
Services,Operator,Male,7
Services,Research Associate,Male,7
Services,Service Coordinator,Male,157
Services,Service Manager,Male,154
Services,Service Tech,Male,157
Services,Service Tech II,Male,164
Services,Service Tech III,Male,168
Support,Automation Specialist I,Male,3
Support,Automation Specialist II,Male,3
Support,Automation Specialist III,Male,3
Support,Automation Specialist IV,Male,1
Support,Community Outreach Specialist,Male,11
Support,Desktop Support Technician,Male,160
Support,Help Desk Operator,Male,38
Support,Help Desk Technician,Male,159
Support,Support Staff,Male,34
Support,Support Staff II,Male,32
Support,Support Staff III,Male,12
Training,Administrative Assistant I,Male,95
Training,Administrative Assistant II,Male,15
Training,Assistant Trainer,Male,90
Training,Chief Design Engineer,Male,1
Training,Content Developer,Male,33
Training,Content Developer II,Male,29
Training,Content Developer III,Male,25
Training,Junior Trainer,Male,86
Training,Senior Trainer,Male,92
Training,Support Staff,Male,18
Training,Trainer I,Male,75
Training,Trainer II,Male,85
Training,Trainer III,Male,96
Training,Training Manager,Male,86
Training,VP of Training and Development,Male,1
Accounting,Accountant I,Non-Conforming,3
Accounting,Accountant II,Non-Conforming,2
Accounting,Accountant III,Non-Conforming,3
Accounting,Accountant IV,Non-Conforming,2
Accounting,Accounting Assistant I,Non-Conforming,2
Accounting,Accounting Assistant II,Non-Conforming,2
Accounting,Accounting Assistant III,Non-Conforming,3
Accounting,Administrative Assistant I,Non-Conforming,1
Accounting,Administrative Officer,Non-Conforming,1
Accounting,Budget/Accounting Analyst I,Non-Conforming,2
Accounting,Budget/Accounting Analyst II,Non-Conforming,4
Accounting,Budget/Accounting Analyst III,Non-Conforming,5
Accounting,Budget/Accounting Analyst IV,Non-Conforming,4
Accounting,Cost Accountant,Non-Conforming,11
Accounting,Financial Advisor,Non-Conforming,2
Accounting,Financial Analyst,Non-Conforming,2
Accounting,Senior Cost Accountant,Non-Conforming,9
Accounting,Staff Accountant I,Non-Conforming,7
Accounting,Staff Accountant II,Non-Conforming,4
Accounting,Staff Accountant III,Non-Conforming,8
Accounting,Staff Accountant IV,Non-Conforming,3
Accounting,Tax Accountant,Non-Conforming,5
Accounting,VP Accounting,Non-Conforming,1
Business Development,Business Analyst,Non-Conforming,20
Business Development,Research Assistant I,Non-Conforming,7
Business Development,Research Assistant II,Non-Conforming,20
Engineering,Administrative Assistant II,Non-Conforming,1
Engineering,Analog Circuit Design manager,Non-Conforming,1
Engineering,Analyst Programmer,Non-Conforming,12
Engineering,Automation Specialist I,Non-Conforming,2
Engineering,Automation Specialist II,Non-Conforming,2
Engineering,Business Analyst,Non-Conforming,4
Engineering,Business Systems Development Analyst,Non-Conforming,14
Engineering,Chief Design Engineer,Non-Conforming,2
Engineering,Computer Systems Analyst I,Non-Conforming,2
Engineering,Computer Systems Analyst III,Non-Conforming,2
Engineering,Computer Systems Analyst IV,Non-Conforming,1
Engineering,Data Coordiator,Non-Conforming,14
Engineering,Data Visualization Specialist,Non-Conforming,12
Engineering,Database Administrator I,Non-Conforming,4
Engineering,Database Administrator II,Non-Conforming,1
Engineering,Database Administrator III,Non-Conforming,3
Engineering,Database Administrator IV,Non-Conforming,2
Engineering,Developer I,Non-Conforming,4
Engineering,Developer II,Non-Conforming,7
Engineering,Developer III,Non-Conforming,1
Engineering,Electrical Engineer,Non-Conforming,1
Engineering,Information Systems Manager,Non-Conforming,1
Engineering,Mechanical Systems Engineer,Non-Conforming,1
Engineering,Programmer Analyst I,Non-Conforming,5
Engineering,Programmer Analyst II,Non-Conforming,1
Engineering,Programmer Analyst IV,Non-Conforming,3
Engineering,Programmer I,Non-Conforming,6
Engineering,Programmer II,Non-Conforming,2
Engineering,Programmer IV,Non-Conforming,1
Engineering,Quality Control Specialist,Non-Conforming,1
Engineering,Recruiting Manager,Non-Conforming,2
Engineering,Research Assistant I,Non-Conforming,2
Engineering,Research Assistant IV,Non-Conforming,1
Engineering,Senior Developer,Non-Conforming,5
Engineering,Senior Financial Analyst,Non-Conforming,1
Engineering,Senior Quality Engineer,Non-Conforming,1
Engineering,Software Consultant,Non-Conforming,10
Engineering,Software Engineer I,Non-Conforming,12
Engineering,Software Engineer II,Non-Conforming,2
Engineering,Software Engineer III,Non-Conforming,1
Engineering,Software Engineer IV,Non-Conforming,1
Engineering,Software Test Engineer I,Non-Conforming,2
Engineering,Software Test Engineer II,Non-Conforming,3
Engineering,Software Test Engineer III,Non-Conforming,1
Engineering,Staff Scientist,Non-Conforming,2
Engineering,Systems Administrator I,Non-Conforming,8
Engineering,Systems Administrator II,Non-Conforming,2
Engineering,Systems Administrator III,Non-Conforming,2
Engineering,Systems Administrator IV,Non-Conforming,5
Engineering,VP Quality Control,Non-Conforming,1
Engineering,Web Designer II,Non-Conforming,1
Engineering,Web Developer I,Non-Conforming,4
Engineering,Web Developer II,Non-Conforming,3
Human Resources,Compensation Analyst,Non-Conforming,1
Human Resources,HR Manager,Non-Conforming,2
Human Resources,Human Resources Analyst,Non-Conforming,9
Human Resources,Human Resources Analyst II,Non-Conforming,12
Human Resources,Human Resources Assistant III,Non-Conforming,1
Human Resources,Human Resources Assistant IV,Non-Conforming,1
Human Resources,Human Resources Manager,Non-Conforming,1
Human Resources,Recruiter,Non-Conforming,5
Human Resources,Senior Recruiter,Non-Conforming,8
Legal,Administrative Assistant,Non-Conforming,1
Legal,Attorney,Non-Conforming,3
Legal,Executive Assistant,Non-Conforming,1
Legal,Legal Assistant,Non-Conforming,1
Legal,Paralegal,Non-Conforming,1
Legal,Senior Attorney,Non-Conforming,1
Marketing,Media Manager I,Non-Conforming,2
Marketing,Media Manager II,Non-Conforming,2
Marketing,Senior Editor,Non-Conforming,1
Product Management,Project Manager,Non-Conforming,14
Product Management,VP Product Management,Non-Conforming,1
Research and Development,Assistant Manager,Non-Conforming,1
Research and Development,General Manager,Non-Conforming,1
Research and Development,Operator,Non-Conforming,9
Research and Development,Quality Control Specialist,Non-Conforming,2
Research and Development,Research Assistant I,Non-Conforming,2
Research and Development,Research Associate,Non-Conforming,5
Research and Development,Senior Quality Engineer,Non-Conforming,1
Research and Development,Structural Engineer,Non-Conforming,12
Research and Development,VP Quality Control,Non-Conforming,1
Sales,Account Executive,Non-Conforming,9
Sales,Account Manager,Non-Conforming,5
Sales,Customer Success Manager,Non-Conforming,7
Sales,Director of Sales,Non-Conforming,1
Sales,Pre-Sales Consultant,Non-Conforming,5
Sales,Relationshiop Manager,Non-Conforming,6
Sales,Solutions Engineer,Non-Conforming,8
Sales,Solutions Engineer Manager,Non-Conforming,4
Sales,VP Sales,Non-Conforming,1
Services,Service Coordinator,Non-Conforming,3
Services,Service Manager,Non-Conforming,6
Services,Service Tech,Non-Conforming,10
Services,Service Tech II,Non-Conforming,8
Services,Service Tech III,Non-Conforming,5
Support,Automation Specialist I,Non-Conforming,1
Support,Automation Specialist III,Non-Conforming,1
Support,Automation Specialist IV,Non-Conforming,1
Support,Community Outreach Specialist,Non-Conforming,1
Support,Desktop Support Technician,Non-Conforming,16
Support,Help Desk Operator,Non-Conforming,3
Support,Help Desk Technician,Non-Conforming,7
Support,Support Staff,Non-Conforming,4
Support,Support Staff II,Non-Conforming,2
Training,Administrative Assistant I,Non-Conforming,2
Training,Assistant Trainer,Non-Conforming,4
Training,Content Developer II,Non-Conforming,5
Training,Content Developer III,Non-Conforming,2
Training,Junior Trainer,Non-Conforming,5
Training,Senior Trainer,Non-Conforming,5
Training,Support Staff,Non-Conforming,2
Training,Trainer I,Non-Conforming,10
Training,Trainer II,Non-Conforming,3
Training,Trainer III,Non-Conforming,1
Training,Training Manager,Non-Conforming,5
